order_id,pickup_lat,pickup_lng,dropoff_lat,dropoff_lng,package_weight_kg,distance_km,pickup_hour,day_of_week,is_holiday,delivery_time_min,delivery_class
ORD0000,50.74908023769473,20.39632342803949,50.37026585767724,20.038163570272435,0.91,41.72,18,5,0,96.0,medium
ORD0001,51.901428612819835,20.07219273268824,51.08380189475672,19.958363755259462,0.85,38.7,4,1,1,83.0,medium
ORD0002,51.46398788362281,19.619055232572656,51.745891671752815,19.05128413161287,7.1,29.53,7,3,0,88.0,medium
ORD0003,51.19731696839408,20.627590039413896,51.46444977281912,19.682495655252314,0.86,47.89,6,1,0,114.0,medium
ORD0004,50.31203728088487,20.36946234510776,51.6131222957229,19.760391237571714,0.95,11.62,13,4,0,30.0,fast
ORD0005,50.31198904067241,19.325233878689783,51.31756673342144,19.7976455617938,4.27,7.24,23,4,0,90.0,medium
ORD0006,50.1161672243364,20.821854368987687,51.3845531290357,20.160344738454665,1.79,42.99,22,2,0,99.0,medium
ORD0007,51.73235229154987,20.645074485846337,51.69839130313064,20.067205093453758,4.5,23.08,2,5,0,114.0,medium
ORD0008,51.202230023486415,20.89959982658385,50.49933601771837,20.21581018558689,0.2,42.65,17,2,0,60.0,fast
ORD0009,51.41614515559209,20.45143901677672,50.978849927286284,20.529766523084255,2.01,44.87,15,0,0,58.0,fast
ORD0010,50.04116898859161,20.22683039187158,50.442418883639206,20.625971477432188,0.1,5.0,22,4,0,108.0,medium
ORD0011,51.93981970432399,19.836486072581238,51.97533601599329,20.436246152452988,0.19,44.41,18,2,1,33.0,fast
ORD0012,51.664885281600846,20.865456966708027,51.88811867937323,20.911047391909868,7.11,23.52,18,1,0,130.0,slow
ORD0013,50.42467822135655,20.732127779000816,50.078853622737014,19.036465165352723,0.45,26.5,17,5,0,97.0,medium
ORD0014,50.3636499344142,19.09043734021238,51.41115034503137,19.391555971367094,2.28,32.08,19,5,0,137.0,slow
ORD0015,50.36680901970687,19.052733948994504,51.85049663483133,19.015125749956283,1.59,46.47,15,3,0,57.0,fast
ORD0016,50.60848448591908,19.752926733756098,50.36115069025467,20.294949428309206,1.28,2.92,7,1,0,77.0,medium
ORD0017,51.049512863264475,20.621106661563665,51.13589046110526,20.796061097899972,6.9,24.89,0,3,0,18.0,fast
ORD0018,50.86389003728423,20.97455225862989,51.83097659517608,19.4869645931526,0.07,35.01,16,2,0,66.0,medium
ORD0019,50.58245828039608,19.300833782207057,50.0678919571716,20.854069089592613,3.27,36.69,11,6,0,84.0,medium
ORD0020,51.22370578944476,20.18826143070427,51.39484053449368,19.12053478057912,9.92,35.24,20,0,0,31.0,fast
ORD0021,50.278987721304084,19.761781713262042,50.5946980147451,20.868872053611028,2.46,8.45,10,1,0,78.0,medium
ORD0022,50.584289297070434,20.939828795629207,51.84879239075306,19.70324537447927,8.29,16.37,4,1,0,30.0,fast
ORD0023,50.732723686587384,20.68423784627142,51.94211649033073,19.202841656898432,0.16,19.22,11,1,0,82.0,medium
ORD0024,50.91213996843407,20.676657409422276,51.88853297822687,19.97174351837265,1.63,40.61,16,3,0,124.0,slow
ORD0025,51.570351922786024,19.93738631958994,50.94842843331493,19.513553135441015,0.9,15.38,5,2,0,89.0,medium
ORD0026,50.39934756431672,19.82963900467533,51.724085301978626,19.569745803923844,3.94,12.11,0,1,0,140.0,slow
ORD0027,51.028468876827226,19.54681414386141,51.68909879707014,19.614579929852574,11.94,47.96,4,6,1,114.0,medium
ORD0028,51.18482913772409,19.112750993301855,50.63820094648651,20.606051795665326,0.89,2.43,13,1,1,130.0,slow
ORD0029,50.09290082544,20.729444752510105,51.65783094830135,20.07832255335051,3.19,49.9,4,5,0,67.0,medium
ORD0030,51.215089703802875,20.625802018260156,50.07401526943099,19.622615398312007,0.66,34.49,21,0,0,66.0,medium
ORD0031,50.34104824737458,20.999435346572263,51.19253975696411,20.220667566621838,2.5,41.77,23,5,0,100.0,medium
ORD0032,50.13010318597056,20.99327367414781,50.460017674575404,20.432301348446387,1.87,16.14,0,5,0,43.0,fast
ORD0033,51.897771074506664,20.110863411205255,50.24113377155456,19.54524800146707,10.73,2.69,17,0,0,104.0,medium
ORD0034,51.93126406614912,20.537974830361023,50.15390640325842,19.827098203050703,2.81,37.42,15,6,0,80.0,medium
ORD0035,51.61679469623292,20.889531459764857,51.39257755175628,19.243772186673894,1.29,42.04,8,2,1,130.0,slow
ORD0036,50.609227538346744,20.699294781354823,50.67974992753613,19.36229869906936,0.36,37.54,18,5,0,110.0,medium
ORD0037,50.195344228012765,19.494696203486395,51.44953354305752,20.362235707929965,0.49,8.86,21,2,1,123.0,slow
ORD0038,51.368466053024314,19.901088270620185,50.130712681597885,19.362876695391254,0.77,38.16,4,5,0,67.0,medium
ORD0039,50.8803049874792,19.25831883030299,50.63058067566122,20.05032676733412,0.87,38.91,1,4,0,121.0,slow
ORD0040,50.24407646968956,20.908102054517446,51.078982584750676,20.418092523444866,5.7,33.61,14,0,0,133.0,slow
ORD0041,50.99035382022254,20.21234926890176,51.581446329677924,19.213753846189487,2.47,38.77,6,5,0,89.0,medium
ORD0042,50.06877704223044,19.457285611006924,50.63750500586414,20.134624439257806,2.22,42.6,3,4,0,68.0,medium
ORD0043,51.81864080415757,20.343401368811712,51.25178275287402,19.513125567402728,0.37,31.45,0,3,0,68.0,medium
ORD0044,50.517559963200036,20.23625648091579,51.77195549647237,20.92585375047516,5.9,6.25,12,4,0,127.0,slow
ORD0045,51.325044568707966,19.71632543606568,51.23172637636461,19.96709129343985,3.85,25.41,19,1,0,171.0,slow
ORD0046,50.62342215217882,19.22711518439926,50.46591894950727,20.611985099550317,0.21,5.73,21,5,0,61.0,medium
ORD0047,51.04013604235562,20.3431463911856,50.048801563113074,20.100453084312523,3.69,21.56,6,4,0,58.0,fast
ORD0048,51.09342055868656,20.040615401807585,51.74019774780186,19.08682506570964,2.35,21.54,14,2,1,118.0,medium
ORD0049,50.369708911051056,20.54463678347128,50.042538821700774,20.266302751188043,0.26,5.17,22,3,0,67.0,medium
ORD0050,51.939169255529116,20.040327002223986,51.7494033453684,20.902806684413314,1.84,18.74,13,6,0,121.0,slow
ORD0051,51.55026564672223,20.70436300063708,51.05787426805443,20.203223640292663,1.99,7.33,22,5,0,104.0,medium
ORD0052,51.87899788312838,20.10381367754897,51.878135397025794,20.63837771885358,0.54,40.8,18,1,0,89.0,medium
ORD0053,51.789654700855294,20.121875943070773,51.59756647154733,20.768412926696815,8.74,47.49,21,6,0,103.0,medium
ORD0054,51.19579995762217,20.75330720531669,51.99586822106667,19.456159543897865,5.69,5.47,23,4,0,101.0,medium
ORD0055,51.843748470046236,19.806965732424793,50.70142363090342,19.424089679816454,3.32,47.85,19,6,0,85.0,medium
ORD0056,50.17698500410384,19.268030456901283,51.534376577862254,20.221961977701984,1.86,27.08,23,6,0,37.0,fast
ORD0057,50.39196572483829,19.05756535262668,50.80386182721848,19.82205693961341,1.59,16.38,17,3,0,95.0,medium
ORD0058,50.09045457782108,20.510274511347237,50.959751240607815,20.679722605733442,3.16,5.69,9,6,0,137.0,slow
ORD0059,50.65066066152653,20.24061910270693,51.25501092643674,20.800046246796022,2.37,26.03,8,6,0,42.0,fast
ORD0060,50.777354579378965,20.408159536198447,51.74735422837268,19.706842758605436,0.19,40.14,7,5,0,61.0,medium
ORD0061,50.54269806354779,19.42592832301782,51.96816693839859,19.473741117948965,2.16,35.94,9,3,0,103.0,medium
ORD0062,51.657475018303856,19.27274295117354,51.53654682772903,20.561051030487725,4.93,4.41,16,1,0,91.0,medium
ORD0063,50.71350665338718,19.029089331335765,50.83553356433467,19.549612071096274,1.84,5.5,1,4,0,102.0,medium
ORD0064,50.56186901937476,19.701175117613193,50.84271400455414,20.64522863702736,0.16,21.34,5,3,0,69.0,medium
ORD0065,51.085392166316495,20.179835373709267,51.47516460317778,19.847476507297525,4.63,16.17,4,3,0,125.0,slow
ORD0066,50.28184844994953,19.784488090199464,50.477554291536606,20.33509979858294,0.67,13.15,8,0,0,91.0,medium
ORD0067,51.60439396150808,19.874949844047457,50.22094822626279,19.191070627669337,0.9,15.49,4,3,0,111.0,medium
ORD0068,50.14910128735954,20.808317388987497,50.70924431528155,20.247718649353146,0.54,40.57,17,0,0,100.0,medium
ORD0069,51.97377387320103,19.6965109340466,50.574477983308164,19.903535357474457,1.2,46.6,19,4,1,95.0,medium
ORD0070,51.54448953859332,20.02797897831962,50.59261624091198,20.17321692635095,4.24,21.44,8,6,0,109.0,medium
ORD0071,50.39743136306834,20.567306025482285,50.46721550209982,19.33602841548973,2.2,45.49,16,5,0,96.0,medium
ORD0072,50.01104423424721,19.79308556464254,50.08418637927272,20.473747489888364,0.69,17.43,16,5,0,54.0,fast
ORD0073,51.63092285690967,20.244173400455747,50.035747869466825,20.72559415508646,6.31,24.87,11,4,0,123.0,slow
ORD0074,51.41371468769523,20.72472741749349,51.97544477947206,19.433479600181553,6.35,12.85,6,4,0,115.0,medium
ORD0075,51.45801433608197,20.899041247315285,50.85554626747172,19.191429111040325,6.13,32.74,2,2,0,27.0,fast
ORD0076,51.54254069337189,19.294146961858075,50.768653294319364,19.047277172092674,0.82,48.99,9,6,0,70.0,medium
ORD0077,50.14808930346818,20.853175250322987,51.359294565386136,20.28394300088653,1.8,30.97,1,4,0,121.0,slow
ORD0078,50.71693145708854,19.984232586159077,50.43650777573013,20.21418807217756,12.6,19.18,2,3,0,35.0,fast
ORD0079,50.23173811905026,19.516488776597917,51.89992236790045,20.093394825428142,4.44,33.1,15,5,0,118.0,medium
ORD0080,51.726206851751186,19.918271512476522,51.572690028831104,19.46389419223195,0.08,7.9,1,1,0,86.0,medium
ORD0081,51.24659625365511,20.960065150570955,50.17882200462452,19.78181199181103,0.2,44.66,23,5,0,130.0,slow
ORD0082,50.6617960497053,19.985236187985738,50.835161551569854,20.188952670372345,1.87,26.15,9,0,1,90.0,medium
ORD0083,50.127116700572046,19.657503220575016,51.75823661512433,19.99353371771834,7.2,23.57,5,5,0,68.0,medium
ORD0084,50.621964643431326,20.26680170863345,51.88946404458282,20.975571040429774,2.32,30.12,21,2,1,99.0,medium
ORD0085,50.65036664405349,19.480291237556386,50.934803022499736,19.272879505113465,2.07,31.99,10,6,1,89.0,medium
ORD0086,51.459212356676126,19.151726656217328,51.226822778421415,20.39028910809519,0.33,5.45,22,4,0,66.0,medium
ORD0087,51.275114942710424,19.2577594438213,50.33406789218415,19.808637536208586,3.21,34.77,6,6,0,157.0,slow
ORD0088,51.774425485152655,19.256091677915546,51.98233725227395,19.85639922985123,5.18,13.61,14,4,0,61.0,medium
ORD0089,50.9444298503239,19.30380538702459,50.46334340276689,20.435195531316353,1.44,36.27,5,5,0,23.0,fast
ORD0090,50.239188491876604,19.27765434529882,51.88546354827025,20.384872302648738,4.48,41.48,19,1,0,137.0,slow
ORD0091,51.42648957444599,20.28174948960643,51.29929329798474,20.982511987404376,10.01,40.59,8,1,0,72.0,medium
ORD0092,51.52157009723379,19.36376016879829,51.21547358975772,19.25678857890825,0.68,28.52,21,2,0,81.0,medium
ORD0093,51.12255439513899,19.691334566647726,51.02537702203302,19.208219298768334,2.22,26.97,19,0,0,79.0,medium
ORD0094,51.54193435990912,20.793576819812024,50.46133962343552,20.448677634257482,1.02,8.86,11,5,1,73.0,medium
ORD0095,50.98759119272878,19.947923280525746,50.353056064011014,20.156773834012817,4.72,39.22,18,4,0,67.0,medium
ORD0096,51.04546565876399,20.335115477042056,50.44097241814035,19.548321333119613,2.59,15.03,19,5,0,60.0,fast
ORD0097,50.8550820367171,19.34463974240326,50.37287652428851,19.158838737977973,3.02,25.84,2,2,0,92.0,medium
ORD0098,50.05083825348819,19.38457803761734,51.55916894713351,19.171316499192862,4.8,15.65,14,3,1,78.0,medium
ORD0099,50.21578285398661,19.08173723253296,50.70025051833346,20.788381749328238,1.51,8.42,1,3,0,112.0,medium
ORD0100,50.062858371373466,19.337870126144328,50.11568535312679,19.383734649437486,7.4,32.22,20,2,0,104.0,medium
ORD0101,51.272820822527564,19.55718067806392,51.93820526028162,19.64674312423104,2.28,4.61,1,4,0,62.0,medium
ORD0102,50.62871196215265,19.354020968553492,51.76757176992685,19.453312804453976,0.52,37.93,21,6,0,93.0,medium
ORD0103,51.017141382329406,19.177405067514112,51.85550456639042,19.709992611663875,3.57,17.24,2,2,0,77.0,medium
ORD0104,51.815132947852184,19.241271742201203,51.98981564529287,19.138847685492188,4.73,2.01,5,4,1,60.0,fast
ORD0105,50.49858445829775,19.92155753606545,50.347790498438975,20.03811958181654,1.14,26.53,14,1,0,111.0,medium
ORD0106,50.82076584607126,19.412667436811585,50.792484037805316,19.13522512718443,5.84,4.25,9,2,0,86.0,medium
ORD0107,51.511102277086096,19.72853972209615,51.51647695140818,20.600713015644722,7.1,15.26,8,4,0,78.0,medium
ORD0108,50.45759633098324,20.006834541709715,51.39204123610759,19.467424163820866,0.97,35.93,0,2,0,64.0,medium
ORD0109,50.15395981965759,20.38078965725873,50.30779181267971,20.080023829209022,12.32,5.01,15,2,0,59.0,fast
ORD0110,50.57950290582754,19.0786242796822,51.63166624998124,20.760158175122918,0.45,42.29,5,6,0,150.0,slow
ORD0111,50.32244257450801,20.598820797818085,50.44888114367332,20.301754738094388,0.68,2.18,8,6,0,100.0,medium
ORD0112,51.859395304685144,20.255800778981815,50.44763522964524,20.06591557310267,0.61,13.85,3,4,0,57.0,fast
ORD0113,51.616240759128836,19.163518063897744,51.07394884578683,19.64866750623075,6.73,37.56,1,4,0,99.0,medium
ORD0114,51.266807513020844,20.747157248213554,51.185879869683404,19.666003826116395,3.19,17.18,3,0,0,122.0,slow
ORD0115,51.74292118037543,20.841744801063626,51.160172415675625,20.33897391039638,0.49,6.89,0,2,0,95.0,medium
ORD0116,51.60734415379823,19.122155919709726,50.18297367479551,20.988278722442335,1.74,19.29,18,3,0,131.0,slow
ORD0117,50.373140117772074,19.55375529629441,51.75492172526076,20.32367837969876,2.87,14.98,9,2,0,44.0,fast
ORD0118,51.785117996979956,20.612402559586123,50.53120008517741,20.11556683474005,0.26,42.45,20,2,1,30.0,fast
ORD0119,51.0786844838313,20.496519380767317,50.25902984256561,20.46130102047849,6.42,17.04,14,4,0,98.0,medium
ORD0120,51.614880310328125,19.369042038712756,51.77749615973796,19.930411224567436,4.88,39.87,21,2,0,98.0,medium
ORD0121,51.79218259984699,19.41869864667342,51.911302996459504,19.12028468520157,2.11,44.81,18,5,0,-10.0,fast
ORD0122,50.63600694994373,19.740944205582764,51.7242552345309,20.12459363175582,10.25,22.82,15,2,0,71.0,medium
ORD0123,50.220103849055356,19.96904597038204,51.61903214944976,20.91525056901076,1.62,45.68,20,5,0,60.0,fast
ORD0124,50.455870325083886,20.236509543060592,51.310483961278045,19.350605884715318,12.43,20.11,23,6,0,48.0,fast
ORD0125,50.85421557725251,19.737827279139545,51.10171474121828,20.38000978164133,3.31,48.28,21,3,0,60.0,fast
ORD0126,51.63602953184498,19.925069432266294,50.17397351982282,19.401867377318112,3.02,6.29,3,4,1,108.0,medium
ORD0127,51.72146116651269,20.494941876267514,50.8169064261414,20.071655368946164,0.54,34.98,1,2,0,59.0,fast
ORD0128,50.01390426106238,19.073366405781197,50.74537703402463,19.19335289929344,6.41,25.7,12,5,0,61.0,medium
ORD0129,51.021494605155134,19.504873888688042,50.519507567520655,19.90074187251637,1.67,20.61,0,5,0,41.0,fast
ORD0130,50.83482200629756,20.426699171769105,51.44684022737717,20.512326657790492,0.53,32.37,16,6,0,128.0,slow
ORD0131,50.44421562094146,20.7904136753744,50.99175147015754,19.695143048477963,0.04,35.79,12,5,0,103.0,medium
ORD0132,50.23973073466737,20.02335488423133,50.162092431815296,20.329823448974437,2.46,2.21,3,1,0,15.0,fast
ORD0133,50.675230342807254,20.06422697053063,50.440366403899624,20.590899921579457,2.25,10.01,6,0,0,61.0,medium
ORD0134,51.88581940782504,19.21434402267955,51.36651752731919,20.854355638958907,3.81,36.23,16,3,0,106.0,medium
ORD0135,50.64640586404151,19.89482473364691,50.1522617189806,19.469284163710906,6.63,33.99,8,6,0,128.0,slow
ORD0136,51.037581243486734,20.065234532910047,51.70241382809754,19.798631831618618,0.25,48.37,3,6,0,115.0,medium
ORD0137,51.40603791779036,19.48494100726946,50.99029305402795,19.304832026660836,3.94,38.53,18,2,0,79.0,medium
ORD0138,50.72725920475859,19.538486461898763,50.961173154653295,20.98496700431675,0.62,47.64,0,1,0,32.0,fast
ORD0139,51.94356416544192,19.754568326209245,51.184815569319035,20.85400193584859,5.86,35.72,9,2,0,116.0,medium
ORD0140,51.924894589884225,19.040142395555453,51.6493619318503,20.079914260561118,5.13,16.31,3,2,0,81.0,medium
ORD0141,50.50356459165073,19.644158331166356,50.69561841580439,20.68406658875284,2.33,7.06,8,4,0,92.0,medium
ORD0142,50.99449701178477,19.42289601399309,51.35603230511813,20.041915954544084,3.72,39.53,12,4,0,85.0,medium
ORD0143,50.60175661963354,19.65499470435583,51.13146392799158,20.247171376005518,1.13,32.92,13,4,1,49.0,fast
ORD0144,50.56968098875493,19.2395242636385,50.534056540338845,19.17824886423203,1.91,4.31,9,1,0,101.0,medium
ORD0145,50.07377389470906,20.78105456147979,51.757259972710315,20.510540840993617,5.17,19.28,5,2,0,97.0,medium
ORD0146,51.219128667959794,20.187184907108097,51.594852043213855,19.25542696727047,1.84,47.93,15,0,0,77.0,medium
ORD0147,51.00535804645772,20.358204638288978,51.31690366931685,20.652135260505055,1.33,26.02,5,3,0,104.0,medium
ORD0148,50.102957502499976,20.578342477214676,51.70116345818848,20.56405617534077,2.04,22.77,16,4,0,49.0,fast
ORD0149,50.557292928473224,19.996884397858114,51.7345884019196,20.41748939548595,5.29,23.97,9,4,0,82.0,medium
ORD0150,51.816531771933306,19.173840576174847,51.41672595343007,19.072320761049525,1.22,12.03,17,6,0,91.0,medium
ORD0151,50.479123781333946,20.074213083637094,51.67402665672734,19.60625671189066,0.57,19.7,21,2,0,38.0,fast
ORD0152,50.28978974418244,20.17368223604176,51.39494292333857,19.526225139821687,3.73,19.75,17,2,0,88.0,medium
ORD0153,50.978905520555124,20.49087894836866,51.3602815435206,19.720272814943037,5.25,4.51,2,1,0,112.0,medium
ORD0154,51.9713009082212,19.86331909245936,51.23722275643037,19.175285493527678,0.32,38.84,19,1,0,81.0,medium
ORD0155,50.484110543023,19.25516060559113,51.50543327911528,20.873915646062127,0.82,21.99,20,4,0,89.0,medium
ORD0156,51.34427109481176,19.56755181159745,50.31721021058615,20.10760448142475,0.46,41.46,14,2,0,107.0,medium
ORD0157,51.52323923065744,19.72616459279727,51.761741518397855,19.611048621316048,1.28,42.82,14,0,0,78.0,medium
ORD0158,50.4752750879848,20.2918344826632,51.74368705549046,19.793963034148568,1.8,12.18,3,3,0,81.0,medium
ORD0159,51.45643269722372,20.141556609337822,50.058494566069115,19.894405081009673,4.14,33.55,8,2,0,55.0,fast
ORD0160,50.73556626543851,19.71219345179569,51.651633501129524,20.201188666721233,3.16,24.67,18,6,0,90.0,medium
ORD0161,51.26461166118716,20.97303049758596,50.25773973494689,20.031358855392995,2.91,44.25,23,2,0,80.0,medium
ORD0162,51.267059421521786,20.211549638713773,50.670237708518286,20.838783946428833,1.3,12.36,16,5,0,105.0,medium
ORD0163,51.07154936814952,19.474453583471988,51.48701651258322,19.99392696581166,5.53,34.54,10,1,0,107.0,medium
ORD0164,50.180579540108816,19.203564945240807,50.321519792096616,20.984316029646624,1.91,31.17,8,6,0,114.0,medium
ORD0165,51.67060499117848,19.305718278368666,51.63593404823813,20.70284991549019,11.6,16.17,9,3,0,75.0,medium
ORD0166,50.64156012994347,19.491915456769018,51.66426835591548,19.41702102871467,3.02,8.56,17,4,0,25.0,fast
ORD0167,50.37303702079971,19.32136274651911,51.014935467521674,20.86119042928783,0.4,33.28,19,6,0,112.0,medium
ORD0168,50.08155028310953,19.37313404810261,50.01277174343367,19.232732795770954,3.38,37.45,12,2,0,103.0,medium
ORD0169,51.18178588637648,19.570190337387693,50.57407626634983,20.634899416982382,1.18,17.15,7,4,0,71.0,medium
ORD0170,51.355128723684565,19.34674719058951,51.233853836751486,19.76124658695316,3.48,32.95,6,2,0,107.0,medium
ORD0171,50.033175657855715,20.79353084925285,51.96237235605485,20.75594864089014,0.22,20.97,16,4,0,47.0,fast
ORD0172,51.024186116598564,19.160467491323285,51.263627054033336,20.7361133802149,0.58,36.23,20,3,0,121.0,slow
ORD0173,50.45299155039588,20.049022779140508,50.51960716212832,20.611850800235242,5.81,11.56,22,1,0,80.0,medium
ORD0174,51.2903455808189,19.820793653979322,51.26801140619922,20.580060872614123,0.77,44.73,14,3,1,65.0,medium
ORD0175,50.34873285800998,20.964757233817213,51.07997075943171,19.609358278196083,5.44,15.8,19,5,0,71.0,medium
ORD0176,51.38187547620493,19.224077804336105,51.559690790302284,19.161838566102503,0.98,19.65,14,0,0,83.0,medium
ORD0177,50.77347069260107,19.79571119809148,50.213961277653915,19.805960357530324,3.09,4.79,0,1,0,90.0,medium
ORD0178,51.873459977473466,20.938940866550737,51.52205580500406,19.347049029973018,3.55,7.35,13,3,0,91.0,medium
ORD0179,50.27504188829199,20.73101425178796,51.08253315735222,20.389902177804924,2.16,26.76,4,5,0,77.0,medium
ORD0180,50.68213270210052,20.63414414189856,51.925984007717986,19.69219945307557,1.09,14.84,10,0,0,96.0,medium
ORD0181,50.22694704248118,19.51580565408988,50.683744332077374,20.95122040171983,0.72,42.1,15,5,0,90.0,medium
ORD0182,51.84938723655713,19.341775174780132,51.265243786267895,20.281944154690663,0.1,2.71,1,2,0,71.0,medium
ORD0183,51.754678706761965,20.33728643984886,51.864056211020035,20.644961127268722,1.09,20.2,7,2,0,66.0,medium
ORD0184,50.51588325543031,20.85875197825517,50.20501945598136,19.265049345483696,3.18,18.19,10,4,0,108.0,medium
ORD0185,51.31996809206836,20.11352578602786,51.8744569744729,20.724028964545244,8.36,2.93,17,1,0,106.0,medium
ORD0186,51.63444440040243,20.1432253789398,51.375771444601625,20.84551438102679,6.15,7.97,2,2,0,92.0,medium
ORD0187,51.110401623198925,19.559958187320568,50.135674118210346,19.974123837637872,4.36,21.85,0,6,0,118.0,medium
ORD0188,51.05930115671201,20.538985866383875,50.60192713389363,20.212505875501954,4.66,25.66,10,5,0,31.0,fast
ORD0189,50.4837045818009,19.374087497115045,51.41634417729056,20.52961960180599,3.28,21.41,15,1,1,73.0,medium
ORD0190,50.1862055356118,19.647358472808488,50.13470120293754,19.349677254520824,0.9,27.49,17,6,0,55.0,fast
ORD0191,51.79443151590665,19.850872877232835,51.164340920352544,20.005132152926883,7.13,30.57,15,2,0,158.0,slow
ORD0192,51.800836114326664,20.01522075736891,50.69176611390591,19.797326055544627,3.33,2.48,22,4,0,111.0,medium
ORD0193,51.26620291454653,19.48481946483016,51.24183103553496,19.2927479843245,2.47,24.28,9,3,0,88.0,medium
ORD0194,50.678059582097404,19.229673649478407,50.091484067625025,19.73506884458306,0.35,48.25,17,4,0,114.0,medium
ORD0195,50.69841914922532,20.221240084883267,51.743073612304755,19.136344618770988,1.78,26.91,5,6,0,123.0,slow
ORD0196,51.45191135774048,19.577261106480513,51.94697793835479,19.051623813898974,1.85,34.52,18,0,0,123.0,slow
ORD0197,51.79422051990515,20.162476442845225,51.93775571057138,19.270332578309645,6.0,16.97,3,2,0,118.0,medium
ORD0198,51.774172848530235,19.308725430548403,51.49930366348585,20.926230223178347,2.37,39.15,12,6,0,82.0,medium
ORD0199,51.55975109171525,19.962280203709636,50.26017248026126,20.099059071790034,1.44,39.1,23,0,0,75.0,medium
ORD0200,51.28406329230857,20.06517886510317,51.516526391858044,20.93164432230644,11.29,27.02,13,0,0,61.0,medium
ORD0201,50.1682799299901,19.103647073644854,50.0491738329176,19.864995756660264,0.35,48.85,2,5,0,105.0,medium
ORD0202,50.32325742818923,19.67320855638784,50.044247103058,19.623632266170517,1.65,8.03,9,1,0,85.0,medium
ORD0203,51.79710837705416,19.268829353877948,50.64722043829908,20.01228372568049,0.13,2.81,5,5,1,77.0,medium
ORD0204,51.21285811931918,19.126749940945537,50.97728638080933,19.87902337726582,4.04,38.97,0,2,0,76.0,medium
ORD0205,50.01839410323326,20.97992046477989,51.540814835615585,19.211329368523486,7.51,40.74,22,0,0,134.0,slow
ORD0206,50.202943085732066,19.644707689949445,51.36659075321301,20.281652629380414,0.99,7.77,23,6,0,119.0,medium
ORD0207,51.32700353821611,20.61974889170927,50.8918054127535,19.4320763650192,5.86,14.75,13,3,0,145.0,slow
ORD0208,50.010123167692434,19.509281309527527,50.54725333256333,20.23917590979566,1.04,2.84,7,0,0,106.0,medium
ORD0209,50.321616102834994,20.363005444447857,51.99424900031542,20.300402184796308,7.25,16.08,18,6,1,92.0,medium
ORD0210,51.09746757873317,20.520455719779374,50.85236260447195,19.304049706257295,4.21,39.11,13,3,0,89.0,medium
ORD0211,51.38379039538539,20.19127748121569,50.90277404865935,19.122699254221338,4.9,26.86,9,5,0,59.0,fast
ORD0212,51.3039225190052,19.94315237710032,50.32724764238334,20.56152317213688,0.05,18.71,16,5,0,52.0,fast
ORD0213,50.44853861892112,19.823681828294536,51.589619097499856,19.91960084753864,9.88,19.84,8,1,0,105.0,medium
ORD0214,51.42435844269507,19.69773653308599,51.38736445156298,19.11632759101095,3.89,2.06,5,6,0,62.0,medium
ORD0215,50.4744981749936,20.859058288495653,50.44153922557752,20.989732634339536,1.09,16.39,10,0,0,96.0,medium
ORD0216,50.65079939631853,20.66123881557546,50.16476209123169,19.115561121992734,5.31,33.03,6,4,0,123.0,slow
ORD0217,51.49298281023605,20.930053821333026,51.36099860414943,20.390070457717105,0.99,48.76,16,5,0,70.0,medium
ORD0218,51.29926579809443,19.24859444697109,51.30902242856227,20.967357850526827,6.18,42.66,0,5,0,150.0,slow
ORD0219,51.69844682098836,20.461734950407287,50.54651905399642,19.47836020843185,0.36,3.13,21,1,0,60.0,fast
ORD0220,51.315225784600685,20.876680913642076,51.90172712450082,19.284498737374392,3.65,45.13,4,3,1,120.0,medium
ORD0221,51.13661720667094,19.36246613233132,50.3021157835618,19.242769878844857,2.33,39.59,8,1,0,103.0,medium
ORD0222,50.18734953565618,19.132992534733553,50.8646696020852,19.60655029513519,0.3,39.46,17,0,0,126.0,slow
ORD0223,50.735431606118865,20.482241298580117,51.8872318403352,19.202091622021292,0.83,23.98,23,6,0,57.0,fast
ORD0224,50.53040473536345,20.148946226359826,50.83945463385224,20.384322683388262,0.04,21.1,20,2,0,159.0,slow
ORD0225,50.48797928675817,20.683657553516543,51.27705189532817,19.124583596260127,1.9,16.54,1,2,1,85.0,medium
ORD0226,51.94602110950489,19.27954475325258,50.79518879592559,20.01884425629958,1.08,5.15,10,6,0,110.0,medium
ORD0227,50.78619544933352,20.59053462371978,50.54843040469734,20.993393707705955,2.74,12.96,5,3,0,133.0,slow
ORD0228,51.78409311035423,19.40325464009549,51.96795529591966,20.627940539012037,1.06,13.84,7,5,0,72.0,medium
ORD0229,51.262277251994526,19.327311885731408,50.818668012630084,20.23043887646202,1.07,25.24,3,3,0,115.0,medium
ORD0230,51.5896226070833,19.328531595861985,51.788198407358266,19.612507241573223,4.08,37.88,17,5,0,67.0,medium
ORD0231,51.005274186210386,20.629149440462765,50.459909211782175,20.247791672583276,0.15,24.74,10,5,0,132.0,slow
ORD0232,51.153807769252715,20.3303944413924,50.42620940805017,20.054082927823302,7.0,4.78,4,2,0,67.0,medium
ORD0233,50.98503538763773,20.046130849538237,50.06226816576902,19.852166767780744,5.74,47.97,14,3,0,91.0,medium
ORD0234,50.390485975596086,19.717660968247007,51.30333365075177,19.261420753480397,3.31,47.25,17,1,0,99.0,medium
ORD0235,51.44490423052301,20.754401081626217,50.73705268744752,20.773208430480935,2.7,39.69,1,5,1,114.0,medium
ORD0236,50.56154472488171,19.78489021484527,51.72871649967927,19.899569297642646,6.69,49.58,21,4,0,149.0,slow
ORD0237,50.04863193286291,20.633198878943155,50.946419813383116,19.38924502364153,0.61,28.14,10,4,0,76.0,medium
ORD0238,51.29094459181434,19.87826981714044,51.93638685582944,19.73551870175458,0.25,48.21,12,1,0,124.0,slow
ORD0239,50.3542213588141,19.753888858849816,50.37105103140624,19.828259505057854,0.82,5.63,3,4,0,149.0,slow
ORD0240,51.88091716870583,19.925359571339214,51.73724633591122,20.655075791133747,4.75,19.55,21,0,0,95.0,medium
ORD0241,51.90785715400517,19.602755748328285,51.55319370558348,20.467228761122804,0.11,12.82,6,5,0,73.0,medium
ORD0242,51.829728780440895,20.4952187603525,51.5418436892881,20.53860978728268,2.62,11.4,10,1,1,38.0,fast
ORD0243,50.74031740051089,20.00544078018496,51.68956645623378,19.022062528857294,16.17,8.76,21,3,0,146.0,slow
ORD0244,50.03091323305773,19.464425390293634,51.522047981886,19.832307996359525,5.81,31.88,23,5,0,83.0,medium
ORD0245,51.85663712517545,20.799149146549137,51.25244064326283,19.962688303270646,2.21,39.5,3,1,0,60.0,fast
ORD0246,50.85636829663463,19.767782442746423,50.262489755364776,19.038384553646114,0.2,29.76,14,2,0,49.0,fast
ORD0247,51.93330963808734,20.087105722227978,50.065052358982506,19.51962641749007,5.34,9.05,0,3,0,60.0,fast
ORD0248,51.9272399541785,20.812944221929094,51.84169569563137,20.52057964624427,2.74,40.93,22,2,0,118.0,medium
ORD0249,51.70601891093472,20.248475991827984,51.23330062904147,19.274219411458,0.37,32.53,2,5,0,122.0,slow
ORD0250,50.58889778413917,19.233796081416727,51.59307458195235,20.070620262905184,0.3,20.63,13,3,0,110.0,medium
ORD0251,50.77019545720385,20.879664247226952,50.9630447030251,19.430403744034475,7.21,34.36,5,4,0,94.0,medium
ORD0252,51.70227334303372,20.255416106142835,50.23461637792479,19.024241549287787,3.32,14.48,17,1,0,53.0,fast
ORD0253,50.63384401031256,19.66981122931417,50.2503715844051,19.48240291519908,5.3,18.57,0,5,0,68.0,medium
ORD0254,50.338985493372185,19.278544145326773,51.37113057445794,20.95174750982011,6.34,46.04,5,0,0,57.0,fast
ORD0255,51.1136025249167,20.588050378540593,50.860611789798924,20.60307422376598,2.54,15.94,5,3,0,107.0,medium
ORD0256,51.87230954832156,20.240145511857026,50.401049453400674,20.919153288642068,2.19,24.56,20,3,0,58.0,fast
ORD0257,51.39205959334995,20.06692218395264,50.98318909348287,19.975708087852723,1.69,44.73,15,6,0,69.0,medium
ORD0258,51.14012234017873,20.787785166101916,50.128417874150266,19.219472397355005,1.14,35.97,4,5,0,84.0,medium
ORD0259,50.194352987541535,20.57719442244906,51.163942803828796,20.095918977947385,1.71,4.99,16,5,0,40.0,fast
ORD0260,51.23001445339834,19.3033497594655,50.537986808870194,19.908754669119922,4.46,9.07,9,2,1,91.0,medium
ORD0261,51.98010770020853,19.623444135591097,51.595118201274374,20.688714165479233,2.76,2.38,20,6,0,87.0,medium
ORD0262,50.28016803047305,19.49697827962893,50.620723917847144,19.19616516156849,6.69,32.28,17,4,0,126.0,slow
ORD0263,51.03665930472747,20.487892585145353,50.9104402981636,19.976482274043555,1.76,23.49,6,2,0,65.0,medium
ORD0264,51.75474614385591,19.067064869471558,50.0232410798162,19.300097329387967,2.8,8.45,2,6,0,51.0,fast
ORD0265,51.48153723550841,20.139779369742634,50.14489377558912,19.64935185378012,2.99,47.98,12,2,0,79.0,medium
ORD0266,51.39403148199054,20.52491737148138,50.78498711281337,20.4747141547756,2.69,27.42,14,4,0,57.0,fast
ORD0267,51.40496816797422,20.7535312735235,50.95987766943425,19.952036258737532,3.64,13.61,19,6,0,91.0,medium
ORD0268,50.718982302439514,19.684163497431815,51.20004109623861,19.75177657029154,0.81,26.03,18,6,0,34.0,fast
ORD0269,50.58718368852899,20.642514609344026,50.58332515741861,19.78895255714007,2.15,34.62,2,0,1,72.0,medium
ORD0270,51.618722310957025,19.221263473910415,51.38996377225308,19.91889353681197,0.33,5.66,3,2,0,62.0,medium
ORD0271,51.62022678935836,20.692904583469037,51.72024479437841,20.570033087674112,1.46,15.19,4,2,0,107.0,medium
ORD0272,51.734144637160206,19.254977324663965,51.5597019777867,20.78416937788047,2.01,40.73,0,3,0,66.0,medium
ORD0273,51.82648110511294,19.794574581120735,50.07923765069671,20.910669373007856,3.17,24.06,3,4,0,38.0,fast
ORD0274,51.02268479772187,20.59459073155911,50.96101389451566,20.57380677251059,9.02,28.24,11,1,0,84.0,medium
ORD0275,51.0030325893744,19.299834854697547,50.20986035683635,19.630813791496024,2.75,22.78,23,0,0,100.0,medium
ORD0276,51.59659035793355,19.458502790465282,50.48409003172505,20.376269412173084,4.08,4.11,9,6,0,82.0,medium
ORD0277,51.29992786155553,20.444505136786134,51.9733251865343,19.875206248110786,2.12,9.96,22,6,0,72.0,medium
ORD0278,51.40393375451541,20.440073073092147,50.28499108580303,19.509341244092102,3.02,23.39,20,6,0,70.0,medium
ORD0279,51.5915853388722,20.282295265770596,50.997776306902715,20.681743158851845,0.22,12.04,19,0,0,93.0,medium
ORD0280,51.78001068363513,20.3878968889342,51.23631146863624,19.07685269792465,0.88,4.4,23,6,0,63.0,medium
ORD0281,50.675990313703075,20.085448886695193,51.404929941088206,20.803523984270846,1.35,42.5,12,6,0,80.0,medium
ORD0282,50.75116590527989,19.503598117813905,51.119297366973825,19.922954929249467,1.92,49.1,22,4,0,113.0,medium
ORD0283,50.18796387968174,19.69139198700784,50.01954169483837,20.274402953616562,0.14,40.07,13,5,0,51.0,fast
ORD0284,51.15656028199235,19.36319543360285,50.652922616487984,20.318707844411566,0.45,42.98,22,5,0,89.0,medium
ORD0285,50.071884547593484,20.816901122667257,51.03542328676942,20.790235481413074,0.97,13.61,4,3,0,36.0,fast
ORD0286,50.93119603626492,20.16678358953224,50.17573299828967,20.273339364334415,10.68,48.11,3,3,0,97.0,medium
ORD0287,51.085289269415156,19.80170283352728,50.70125386241836,20.227867169520124,1.21,11.45,13,6,1,61.0,medium
ORD0288,50.57308250425657,19.924011607288264,50.06640621758273,19.13330408112138,1.97,47.67,9,4,0,121.0,slow
ORD0289,51.18166652113802,20.89456667922363,50.15715699431004,20.036816043890408,0.65,49.75,16,6,0,46.0,fast
ORD0290,50.0610004998781,19.30670280623216,50.793846552403195,19.300338001634085,2.83,36.16,9,3,0,103.0,medium
ORD0291,50.07469637749843,20.172459664033596,50.265431508086124,20.47486753744297,0.99,49.09,6,0,0,127.0,slow
ORD0292,51.64520112131932,20.01177735776893,51.135081696523116,20.02444384162535,0.7,29.34,15,0,0,59.0,fast
ORD0293,50.72038128282252,20.222908470869296,51.37892993827453,20.360455558416707,2.18,14.46,0,1,0,64.0,medium
ORD0294,50.25412102530377,19.036220367641683,51.601173398218165,19.083345801204768,0.02,22.98,16,5,0,62.0,medium
ORD0295,51.04448652010961,20.744247817888304,50.40030048848962,19.169584032091606,0.02,30.49,20,4,0,75.0,medium
ORD0296,51.53998710619722,20.864236564967225,50.33496516451814,20.432646776125363,0.74,5.51,8,2,0,106.0,medium
ORD0297,50.43164205499369,20.130266367178418,50.2091356806688,19.144168671997345,0.11,31.87,5,5,1,73.0,medium
ORD0298,51.245780951638004,20.393301647753784,51.27286049908727,19.142513455530516,0.34,49.1,18,2,0,56.0,fast
ORD0299,50.17069492998753,20.844998762354592,51.4129514529738,19.024216950469775,1.24,11.13,12,1,0,29.0,fast
ORD0300,50.10336344233721,20.414477268626797,50.063172289651284,20.91300279659896,4.87,40.04,2,1,0,138.0,slow
ORD0301,51.0627092631363,19.305078085828523,51.87242449248738,20.475016718918013,2.55,45.58,6,6,0,140.0,slow
ORD0302,51.08127024322021,20.152576720333627,50.103942567302944,19.70650281700413,2.16,47.3,21,3,0,107.0,medium
ORD0303,51.27485980299641,20.213430092765712,51.08259267060214,19.59307116257531,1.04,48.09,8,1,0,66.0,medium
ORD0304,51.45218266744532,19.848261342604772,51.41812103890183,19.699406459491698,8.05,27.03,21,1,0,112.0,medium
ORD0305,51.95170415892507,20.472888471249444,51.74193824749217,20.549307062362363,1.52,48.91,4,2,0,118.0,medium
ORD0306,51.032600696602394,20.86873402953803,51.428173864264856,20.322741222140827,0.27,38.35,9,3,0,82.0,medium
ORD0307,50.64591294588249,20.851137025813554,51.60345616613959,19.370391135734934,2.88,9.76,22,1,0,91.0,medium
ORD0308,51.59037238953741,19.901678742808265,50.67890038508561,19.348218670668167,0.36,24.89,16,5,0,127.0,slow
ORD0309,50.54166450252415,19.226476091681512,51.62965022749302,19.196791299426796,1.27,36.48,11,1,0,41.0,fast
ORD0310,50.87794284141127,20.969682397924668,50.16022969276935,20.320605439402676,2.12,13.87,22,3,0,120.0,medium
ORD0311,50.156912762684534,20.677796172891867,51.789633312121055,20.52874532444347,6.22,32.75,15,6,0,81.0,medium
ORD0312,50.05070148683092,19.249325362406534,51.095184752307475,19.530092856650008,2.04,34.0,2,4,0,57.0,fast
ORD0313,51.92529682935585,20.841683765234745,51.63459553992499,19.041889922061827,3.63,9.81,21,3,1,59.0,fast
ORD0314,51.671960241024415,20.739792724124257,50.9046365690366,19.164343334952854,14.81,29.12,8,2,0,64.0,medium
ORD0315,51.391948412187396,20.037676114252143,51.28715539039305,20.93572006969006,0.42,39.04,14,4,0,54.0,fast
ORD0316,50.81790588882854,20.18255087148986,51.05280532187223,19.590889554954842,0.96,25.95,4,5,0,143.0,slow
ORD0317,50.34658864014169,19.79800540774026,51.463179043510664,20.538446295676266,1.51,2.58,22,0,0,105.0,medium
ORD0318,50.31287408534217,19.109523277644062,50.163259964061176,20.249327137708526,1.64,2.43,12,3,0,122.0,slow
ORD0319,50.500485796329194,19.6703944832918,50.12070416798113,19.76387927930579,1.59,19.14,13,6,1,107.0,medium
ORD0320,51.098453329412244,20.605706897196022,50.494206468020295,19.41137452439111,7.15,46.46,19,2,0,92.0,medium
ORD0321,51.429191845400126,19.009264046009207,50.31908936022638,19.242772836318814,3.76,12.98,14,5,0,92.0,medium
ORD0322,51.320394753435465,19.66699834338229,51.743567133184406,20.230025936077734,2.81,32.45,15,4,0,78.0,medium
ORD0323,50.55986779389188,19.796337387181886,50.43842797471609,20.549267561275578,1.11,12.66,22,5,0,81.0,medium
ORD0324,51.90973056132639,20.074791205875847,51.95173051163826,20.28780850708226,5.21,17.44,12,3,0,48.0,fast
ORD0325,51.475793833391535,20.839711232825522,50.67379158354221,20.060604266498316,9.31,42.71,16,1,1,122.0,slow
ORD0326,51.1087081050228,19.692691988731923,50.3642358313774,19.083902446863274,5.16,36.99,22,6,0,36.0,fast
ORD0327,51.2234414924687,19.693906403792454,51.57939701428496,20.93697755518877,0.0,6.58,7,3,0,58.0,fast
ORD0328,50.83920012485558,20.475002496219496,51.31741555100175,20.59742838330915,3.04,22.58,20,0,0,150.0,slow
ORD0329,50.495461979002314,19.904435881779616,50.99639143290628,19.58564407340193,0.16,3.4,1,3,0,94.0,medium
ORD0330,50.711945357302525,19.449209645879964,51.11072710187526,20.959940658717702,0.89,25.08,4,4,0,95.0,medium
ORD0331,51.51569222092874,19.904879032265388,51.43840355654453,20.203763179272645,0.18,33.8,5,4,0,109.0,medium
ORD0332,50.028786977259514,19.2817140407596,50.456909482662596,20.164845316414493,2.78,7.69,11,3,0,44.0,fast
ORD0333,50.232145281013835,19.352773973012447,51.99266783211348,20.496146358859065,3.48,15.87,17,4,0,48.0,fast
ORD0334,50.09200528404351,19.99673554547896,51.94958632429356,20.623539576180274,0.36,21.1,21,1,0,77.0,medium
ORD0335,50.08145760463794,19.837850899009094,51.30065137269387,20.312957214663005,1.45,46.14,21,5,0,63.0,medium
ORD0336,51.71092116802201,20.8296918021362,50.39908490185829,19.2561914927324,1.83,49.68,0,3,0,88.0,medium
ORD0337,51.407315718760046,19.724787798233265,51.36045648486258,19.676535011988996,1.38,4.16,16,6,0,105.0,medium
ORD0338,50.94834765817465,20.161176700556087,50.14439681795835,20.856167280652098,0.39,38.53,10,1,0,132.0,slow
ORD0339,50.195668321302,20.264528575839062,50.061305004411615,19.449231223687704,1.63,19.84,9,5,0,114.0,medium
ORD0340,50.983231750233664,19.026188913176668,50.515365777022424,19.744334047675025,4.17,20.84,18,6,0,60.0,fast
ORD0341,50.94694354156113,20.32707474403342,50.92524591347863,19.864153765888393,0.22,38.2,13,6,0,79.0,medium
ORD0342,50.34640373982003,19.356071933739504,51.73654501081676,19.878809979388905,0.25,46.08,9,6,0,71.0,medium
ORD0343,50.867703298475945,20.92214063493891,51.45433813953262,20.225879164989053,1.31,47.64,14,5,0,60.0,fast
ORD0344,50.79700946879475,19.297325455506225,51.48541304239996,20.886151675489415,8.53,29.7,18,1,0,53.0,fast
ORD0345,51.231700196104434,19.829248247454046,50.85098666889615,19.48138542366501,3.31,19.14,3,6,0,140.0,slow
ORD0346,51.27018730173529,19.170699336157288,50.69186998509392,19.243002752601836,3.41,39.8,1,6,0,90.0,medium
ORD0347,50.09060801954409,20.993748503691894,50.74207752596921,19.394940979719873,1.35,14.05,8,2,0,83.0,medium
ORD0348,50.74922522925294,20.004390020662484,51.97529912747211,20.77384980041854,2.7,29.08,9,3,0,105.0,medium
ORD0349,51.251719831428474,20.19077003464009,50.08021838282497,20.291621625310412,0.03,19.21,10,5,0,106.0,medium
ORD0350,51.00627251716018,19.134152954776855,51.734062992244894,19.57181357847832,3.03,33.52,13,5,0,124.0,slow
ORD0351,51.71297968237664,20.499920940798354,51.15735081714479,20.631893877937234,7.34,13.54,6,4,0,68.0,medium
ORD0352,51.31738726323789,19.419811186191172,50.877230838379184,20.722739992726872,2.84,11.2,22,5,0,102.0,medium
ORD0353,50.32586885416286,20.796108578881427,51.45051532083027,20.693028677380557,6.21,46.08,14,1,0,63.0,medium
ORD0354,50.14113749480086,19.410279280964016,50.97333788284941,20.83785306727911,3.86,6.89,21,5,0,84.0,medium
ORD0355,51.28483855641263,19.381375441327332,51.74684647616332,19.504482040346723,0.39,26.29,18,2,0,92.0,medium
ORD0356,50.053022621083244,19.073099335696188,51.801403728022514,20.510083857492557,6.98,12.6,21,3,0,95.0,medium
ORD0357,51.171551162546926,19.944133890219998,50.84344185374691,19.92107899454828,0.21,3.87,14,3,0,93.0,medium
ORD0358,51.88046048284991,20.129682266525233,50.5536555944701,20.683997105780122,2.29,3.73,23,5,0,114.0,medium
ORD0359,51.15094835575176,19.131417278856706,51.184700657186724,20.456981354323226,0.46,10.41,7,6,0,72.0,medium
ORD0360,50.776339852413045,20.55105523339002,51.82472669123338,20.55289489299945,0.04,43.6,10,0,0,95.0,medium
ORD0361,51.28657643688471,19.906577669496055,50.421324378011334,20.312323675362144,1.64,15.56,8,0,0,67.0,medium
ORD0362,50.91650578098303,20.04878053865516,51.245933167126964,19.354857538939413,1.05,47.62,14,6,0,178.0,slow
ORD0363,51.09123357863187,19.881525493876456,51.26312044018504,20.090053837793878,2.0,29.92,0,6,0,63.0,medium
ORD0364,51.88292961755305,19.80152612175065,51.46622604483056,20.969339479049015,2.58,22.96,0,6,1,69.0,medium
ORD0365,50.77220527560155,20.119280662616436,50.26313537025452,20.87477613299424,0.13,29.84,18,1,0,116.0,medium
ORD0366,51.92238112764783,19.310480491861426,51.43164992936418,19.086347471594024,0.39,26.8,2,0,0,77.0,medium
ORD0367,51.810701283912124,19.36385626099054,51.81806504133128,19.329629631458875,2.45,38.42,9,6,0,116.0,medium
ORD0368,50.39158226957859,20.723571242027035,50.35936621774049,19.263457546909123,1.26,15.56,7,1,0,95.0,medium
ORD0369,50.13872260175033,20.892230924267267,50.47508664984775,20.45195981997059,3.92,18.95,14,4,0,78.0,medium
ORD0370,50.201556002754856,19.746618632559507,51.94279018808328,20.635570659713892,3.17,44.92,9,1,0,67.0,medium
ORD0371,50.0364436513031,19.541489346287108,50.36195390541898,19.427022732621342,5.6,47.43,0,0,0,66.0,medium
ORD0372,50.188885921511854,20.28799908647803,51.70877018673916,20.011705385903657,3.54,44.84,17,5,0,78.0,medium
ORD0373,51.36601354683271,19.817468342196193,50.98455571289607,20.6814060560224,1.69,22.13,1,4,0,85.0,medium
ORD0374,50.14237729692046,19.05077271132069,50.494462148806356,20.4656030895325,3.35,39.46,18,0,0,65.0,medium
ORD0375,50.63795126058752,19.31230519473238,51.74149980254502,20.084474410983695,0.97,24.86,12,1,0,87.0,medium
ORD0376,51.689750621938906,20.431944457694794,50.89061051000533,20.180695380917545,1.1,25.88,21,2,1,57.0,fast
ORD0377,50.04654387147165,20.317847883820303,51.02963470785938,20.016721093832558,4.67,11.82,0,3,0,113.0,medium
ORD0378,51.62893696517787,19.054191985006966,50.718466738799535,19.595096902637643,1.77,30.37,1,0,0,118.0,medium
ORD0379,50.5637095495468,19.4439443238659,51.185901702869856,20.130043985718032,4.8,10.93,15,6,0,69.0,medium
ORD0380,50.23632965524331,19.462149593176143,50.32704774517005,20.37777060410018,5.19,17.92,14,1,0,67.0,medium
ORD0381,51.3934743307283,20.343785487197458,50.78216307330352,20.746645831721615,5.85,43.04,12,6,0,95.0,medium
ORD0382,51.25788569355977,19.039421075508727,51.938824644670575,20.272582707958495,7.45,11.94,15,6,0,128.0,slow
ORD0383,51.75494402705411,19.20821716396915,50.51626686540226,20.522243074086315,1.69,5.42,16,6,0,135.0,slow
ORD0384,51.47014208760777,20.599832170746378,51.31347332908258,19.320143269909146,1.15,5.31,20,6,0,48.0,fast
ORD0385,51.606961860769694,19.357089324108667,50.65038012844939,19.92311494883958,2.62,47.16,6,6,0,120.0,medium
ORD0386,50.56406914514261,20.30549221570375,51.5469462513732,19.018663239654188,1.39,26.33,23,4,0,88.0,medium
ORD0387,50.354879087559446,19.476365562093452,50.2617473214367,19.493357729043247,2.76,21.65,16,0,0,89.0,medium
ORD0388,51.501229503281714,19.19888278551869,51.939642090157086,20.452923430226008,3.67,40.92,6,0,0,105.0,medium
ORD0389,51.613669478534526,19.486344381998908,50.90757908276728,20.983619902698727,3.5,42.12,12,3,0,76.0,medium
ORD0390,51.98101028400135,20.444533863711317,50.47210092669293,19.19835619917443,1.41,17.95,4,1,0,123.0,slow
ORD0391,50.825235353822855,20.711392936212572,50.14699349466002,19.802988631722577,0.55,35.29,16,2,0,133.0,slow
ORD0392,50.74403617158556,20.660439729133984,50.33951581017508,20.60014193739832,1.69,39.01,2,4,0,134.0,slow
ORD0393,51.55282592148399,19.794367059236908,51.03954789711204,19.408071269257796,0.46,33.42,6,1,1,35.0,fast
ORD0394,50.68160708050603,20.336170273141292,50.67400635286257,20.11016989860457,6.62,9.28,16,4,0,83.0,medium
ORD0395,51.86151465120713,19.409968590831642,51.65776673176522,20.46614259205935,1.27,44.04,6,0,0,32.0,fast
ORD0396,51.716825503686024,19.586295460522027,50.86177504732361,20.23197090052036,0.5,27.88,20,6,0,67.0,medium
ORD0397,50.85798805475004,20.79267163704224,50.49742854517526,19.376049469230832,0.08,15.56,0,3,0,18.0,fast
ORD0398,51.501742135582994,19.02600384702147,51.23428997320806,19.71076913737148,3.11,22.41,16,3,0,104.0,medium
ORD0399,51.50908574816936,19.171017061708937,51.41355443377089,20.567583568970793,3.04,3.8,16,5,0,97.0,medium
ORD0400,50.206247737671866,19.415772510292054,50.3340838158019,20.108453028264034,1.25,8.14,10,2,0,77.0,medium
ORD0401,51.805105813359134,19.05306440774764,50.33523843257664,19.010459227085825,0.22,38.75,2,3,0,66.0,medium
ORD0402,51.01050474489571,19.362870870179595,50.07334285386709,20.521981520056187,1.58,2.0,14,6,0,99.0,medium
ORD0403,51.65291493221548,20.166083121939383,51.47280403013128,19.070622709880478,1.12,22.0,20,0,1,60.0,fast
ORD0404,50.64009920206122,19.842849101184996,51.32760905524361,20.491467565462465,3.39,27.08,10,2,0,58.0,fast
ORD0405,51.791046456992405,20.78534342215395,50.94926175149963,19.404961120330476,2.79,4.62,15,1,0,54.0,fast
ORD0406,50.77840335746833,20.634887123476883,51.688340897938396,20.91614696023876,1.36,48.71,21,6,0,84.0,medium
ORD0407,50.021675302960595,19.683634703395754,51.61134030590011,19.73588150260417,0.74,12.85,8,6,0,73.0,medium
ORD0408,51.81076395283853,19.518846866862585,51.17070872879351,19.65386323267616,13.28,16.6,23,3,0,78.0,medium
ORD0409,50.182573353572266,19.759384816334535,51.73654256102652,19.29777610066489,1.82,16.59,23,2,0,106.0,medium
ORD0410,50.63862727518083,20.180589885029615,50.41168242007354,19.61120843098043,3.5,13.06,0,0,0,119.0,medium
ORD0411,51.90012393410161,19.536127281645754,50.223839238795456,20.7533015236564,0.45,2.07,21,5,0,134.0,slow
ORD0412,51.901214293875114,20.24829781569827,50.53949922303398,20.992668675254496,1.99,37.01,15,4,0,92.0,medium
ORD0413,51.146875776246574,19.81882330438248,50.114173712178626,19.7366190610137,0.08,48.41,8,4,0,100.0,medium
ORD0414,51.2636744243396,20.10409436170396,51.06233905600207,19.897221261909085,2.11,12.77,18,0,0,96.0,medium
ORD0415,50.89689104395664,19.872253058270633,51.87321138458992,20.444141876405475,9.97,33.83,11,0,0,40.0,fast
ORD0416,50.58642154339613,19.588931519083836,50.07868708133702,20.77239156093015,1.45,37.61,18,4,0,79.0,medium
ORD0417,50.65732909073983,20.896906613924312,50.24421982802005,20.186088668373568,0.12,42.72,21,5,0,79.0,medium
ORD0418,51.34503691215408,20.52721158831952,50.90439805656687,19.78305139635566,0.09,22.29,8,2,0,75.0,medium
ORD0419,51.50474905887536,19.280226351532907,51.867750035055806,19.82524368169725,1.47,16.54,6,4,0,89.0,medium
ORD0420,51.5831580874517,20.736935951795825,50.632312209953504,20.391236292993614,0.52,17.61,13,0,0,83.0,medium
ORD0421,51.579236285589104,19.974862396499027,51.01446961737678,19.006436527208557,0.07,36.21,18,3,0,60.0,fast
ORD0422,50.18241220609738,20.789104453788184,50.08314571810078,20.239178674919682,4.23,41.21,18,1,0,85.0,medium
ORD0423,50.988840609405166,20.59971051189463,50.29668640192418,19.710986020882714,1.84,10.72,1,5,0,71.0,medium
ORD0424,50.11511752003329,19.850427008938468,51.97326024591769,20.58839466255417,1.02,19.81,8,6,0,11.0,fast
ORD0425,51.09905776464747,19.044938616640234,51.930237392872094,19.185981279646263,6.91,45.29,12,5,0,48.0,fast
ORD0426,50.88306100274676,19.53735471876989,50.00987996186882,20.176404533896783,0.37,40.72,14,3,0,93.0,medium
ORD0427,51.7754083655166,20.083268429321734,51.90362357084648,19.961945779772247,9.37,49.27,2,3,0,123.0,slow
ORD0428,50.70183002510416,20.266956439652294,51.278239875631,20.284651051810457,1.13,38.2,10,6,0,17.0,fast
ORD0429,50.23413403285521,19.515775370866404,51.73583658904005,19.129707188965938,6.58,20.87,20,0,0,64.0,medium
ORD0430,50.285983364105675,19.278712148145647,50.90947971126772,20.159967574856264,2.77,30.35,13,4,1,103.0,medium
ORD0431,51.52302126343494,20.669860473598597,51.0311920571585,20.122969175919046,5.26,33.73,7,2,0,116.0,medium
ORD0432,51.23643612663252,20.968804361407106,50.97769316051384,20.121320188832343,12.41,5.77,17,5,0,77.0,medium
ORD0433,50.20224535224558,20.05138036460537,51.33372851509221,20.206975333192908,1.02,28.14,18,6,0,70.0,medium
ORD0434,50.16821361223,19.34335857169661,50.279302509512625,20.352935874452726,9.74,36.05,15,5,1,127.0,slow
ORD0435,51.40193826291824,19.54461465303874,50.05994717974536,20.60997799936154,1.48,10.03,1,3,0,114.0,medium
ORD0436,50.14552601272839,19.036781353094934,50.61585988318238,19.53964144025643,1.46,39.47,7,4,0,116.0,medium
ORD0437,51.64372011858071,20.828597613120998,51.409361525473294,20.650098820360125,1.25,30.02,21,5,0,76.0,medium
ORD0438,51.412484454312995,19.235502165780282,50.403706904245894,19.996511364526906,2.34,47.71,5,2,0,123.0,slow
ORD0439,50.1626975612838,20.153032951028507,51.34686486664984,19.15411655826866,0.5,4.04,11,3,0,32.0,fast
ORD0440,50.169675428170386,19.548110441374412,51.93982409221454,19.11710185848796,2.42,14.74,14,2,0,124.0,slow
ORD0441,51.97327915700235,20.108356005031588,50.18780143157883,19.66847663739212,2.34,30.87,7,4,0,88.0,medium
ORD0442,50.74854159151224,20.30284077670373,51.34520423645025,20.569793954222934,4.31,16.23,3,5,1,94.0,medium
ORD0443,50.741284294133784,20.659483607414405,50.887500438609145,20.41536186948183,5.38,36.29,14,1,0,62.0,medium
ORD0444,51.62559913451501,19.412842543521208,51.73628450875501,20.577229929344814,1.74,38.43,19,5,0,36.0,fast
ORD0445,51.89449715476772,19.02199165731696,50.354299578894775,20.03453811288322,1.08,6.92,16,4,0,93.0,medium
ORD0446,51.972002127645744,19.273771260137615,51.38525190445233,19.880397995910982,0.9,26.67,12,5,0,107.0,medium
ORD0447,51.506756370517884,20.80003728369621,51.676230579296224,19.294905053412567,0.65,26.43,17,6,0,111.0,medium
ORD0448,50.752519171061834,20.74778015512503,51.889228438948045,19.656385507218623,0.18,19.73,1,5,0,108.0,medium
ORD0449,50.16700143339734,20.194826204340618,51.366496056579294,19.86803873234775,1.26,46.78,12,0,0,101.0,medium
ORD0450,51.55429383185487,20.201033720867308,50.994349528016855,19.177200859359235,0.95,41.72,12,5,0,62.0,medium
ORD0451,51.11680849947161,20.330073349092512,51.23569448040243,19.441223905422422,10.18,35.47,21,5,0,113.0,medium
ORD0452,50.84844401849395,19.3507425572469,51.737809968957436,20.196450588127476,2.45,36.29,14,2,1,59.0,fast
ORD0453,51.812708770189474,20.82882389184992,51.14121949327766,20.47132622847838,1.28,24.16,19,1,0,123.0,slow
ORD0454,50.222394964612306,19.837541049784146,50.06077411939367,20.9966950227859,2.61,46.21,9,2,0,87.0,medium
ORD0455,50.98525020858172,19.766277056498996,51.861897391013954,20.866226662687115,0.45,35.34,2,2,0,88.0,medium
ORD0456,50.022707289534836,20.037835410565677,51.37905350206312,20.285130399070383,1.76,36.99,18,3,0,116.0,medium
ORD0457,50.937321283988254,19.09393193355011,51.3530267715545,19.842496106588143,2.95,43.36,2,0,0,120.0,medium
ORD0458,50.112606551363676,19.33256673751216,50.43135030479544,20.272354729416467,2.01,15.16,21,2,0,113.0,medium
ORD0459,50.23763583253614,20.476067232852742,51.317770940465316,20.571303236160464,1.54,40.74,13,6,0,65.0,medium
ORD0460,50.23505249355421,19.165597335850254,50.78772881130832,19.236672381846773,15.27,11.37,7,4,0,113.0,medium
ORD0461,51.29842060423213,20.206304218932775,51.30246595408298,19.81980977939258,6.37,18.58,22,6,0,66.0,medium
ORD0462,51.492089758530845,19.490698219362642,50.21318606061598,20.679604571271234,2.93,18.11,3,4,0,114.0,medium
ORD0463,51.16673753019432,19.778591228083954,51.31569060920607,19.76766590386609,2.53,48.97,19,5,0,47.0,fast
ORD0464,51.92434509694908,19.5773874735414,51.99882745154133,20.143744542454375,2.91,43.11,10,3,0,87.0,medium
ORD0465,50.74974115904741,19.7113454329299,50.09642407772111,20.175538721724397,0.67,35.66,10,0,0,65.0,medium
ORD0466,50.571424172563724,20.43809181036849,51.95434836844264,19.368952506267277,1.51,36.9,10,6,0,116.0,medium
ORD0467,51.73719825637892,19.59424343124635,50.813815921445745,19.724470883304576,0.12,28.98,1,0,0,123.0,slow
ORD0468,50.44719167703891,20.132809280593793,51.741506900674516,19.669022577483865,1.94,47.46,16,6,0,96.0,medium
ORD0469,51.92644507888122,19.9521008043982,51.56477096811655,19.05239341706413,2.35,25.82,8,5,0,95.0,medium
ORD0470,50.02430894937963,20.327342330725298,51.13403252197334,19.04838352778271,0.78,20.26,1,4,0,111.0,medium
ORD0471,51.93975765341528,20.873659478649515,51.47689841850265,20.66339408735155,9.98,9.83,23,1,0,124.0,slow
ORD0472,50.08631982390115,20.4651441944205,51.7570311226027,19.546141619945626,7.21,39.74,14,3,0,91.0,medium
ORD0473,51.78228622739614,19.429880757181515,50.80828064330207,20.03615753247763,3.84,37.25,15,6,0,75.0,medium
ORD0474,51.0554022181726,19.06236627012257,50.65406632312648,19.597451147177544,2.29,20.45,3,6,0,109.0,medium
ORD0475,51.9859295922386,19.52452808859965,51.33518677112717,20.88135849023068,6.12,3.21,7,5,0,34.0,fast
ORD0476,50.1475931294708,20.19015586140051,51.61569188388252,19.518593517731546,0.42,42.27,8,3,0,117.0,medium
ORD0477,51.10770856880264,19.1028516269685,51.52457026955323,19.85931362547787,4.69,2.55,4,4,0,69.0,medium
ORD0478,51.9386050712382,19.99273249440247,51.59562729771727,20.745460500969205,0.4,35.78,15,4,0,83.0,medium
ORD0479,51.0461956883403,20.19368569783378,50.87116662962587,20.683867133583618,4.74,48.57,12,6,0,117.0,medium
ORD0480,51.25879727627053,19.66848778163392,51.635668432350045,19.372202835692555,0.97,23.01,6,1,0,78.0,medium
ORD0481,51.39149737796924,20.541824407491642,50.24041811074122,20.60528661959142,6.29,13.28,19,1,1,109.0,medium
ORD0482,50.90908212953555,19.213196506267543,51.0889781959217,19.916373773475787,8.65,35.83,16,0,0,124.0,slow
ORD0483,51.25511616016813,19.150275563471617,50.01151732099624,19.96593774417071,0.48,41.22,2,3,0,93.0,medium
ORD0484,51.1686286238462,20.456377512407208,50.649171659800544,19.26695994483189,1.86,28.23,4,3,1,99.0,medium
ORD0485,51.802316020981976,19.990982632412397,50.732923069742796,19.16120302751425,11.89,48.42,18,4,0,86.0,medium
ORD0486,50.09089276068291,20.376804792855474,50.79234538321851,20.45587861394753,1.98,4.48,11,0,0,93.0,medium
ORD0487,50.56192637918446,19.869654677207492,51.390934413379725,19.9929223047106,5.98,26.23,6,5,0,57.0,fast
ORD0488,51.900822968153115,19.492804066478215,50.77711620254069,19.87370140523036,2.67,36.49,8,3,0,81.0,medium
ORD0489,51.78052756778183,20.638204635348398,50.89738724524506,20.459016457304795,1.41,43.41,5,0,0,51.0,fast
ORD0490,50.91131350557143,20.59883175793796,50.47508826174865,20.53102579798222,1.01,10.6,16,0,0,63.0,medium
ORD0491,51.24026519560307,20.389392941708852,50.74650358325868,19.31781633533871,0.68,40.4,15,6,0,30.0,fast
ORD0492,50.55476236596227,19.544290274459925,50.4545392545263,20.22045029895528,4.3,28.53,22,4,0,98.0,medium
ORD0493,50.37624231944752,20.180461333738172,50.14639184753689,19.270708164555373,1.47,21.03,2,0,1,141.0,slow
ORD0494,50.927396809879966,19.721947793880055,51.20689718676275,20.502750172058093,2.15,8.32,20,1,0,76.0,medium
ORD0495,50.70670445605211,19.18316414665327,51.33642559711003,20.31391031253428,2.03,43.53,3,1,0,119.0,medium
ORD0496,51.16731222370174,20.834627150924486,51.238980692019226,20.913229242166917,2.58,9.55,9,2,0,124.0,slow
ORD0497,50.15546927392997,19.273637261837923,50.926988087601146,19.13791603271284,6.02,16.87,4,4,0,54.0,fast
ORD0498,51.94878961533233,20.900474707641607,50.75957156035846,19.11410944230251,11.85,15.92,20,6,0,60.0,fast
ORD0499,51.972421488959206,19.89201154591591,51.72666729914365,19.5643741493864,1.57,43.83,21,5,1,120.0,medium
